00:06:00,01:06:00,02:06:00,03:06:00,04:06:00,05:06:00,06:06:00,07:06:00,08:06:00,09:06:00,10:06:00,11:06:00,12:06:00,13:06:00,14:06:00,15:06:00,16:06:00,17:06:00,18:06:00,19:06:00,20:06:00,21:06:00,22:06:00,23:06:00
0.0,0.0,0.0,0.0,0.015,53.769,71.595,74.529,76.624,77.344,77.303,77.936,74.959,72.569,64.382,47.175,0.0,0.0,0.0,0.0,0.0,0.0,0.0,0.0
0.0,0.0,0.0,0.0,0.0,47.74,43.253,0.0,75.987,0.0,74.829,76.054,66.149,72.314,50.62,47.041,0.0,0.0,0.0,0.0,0.0,0.0,0.0,0.0
0.0,0.0,0.0,0.0,0.013,54.242,70.919,73.237,76.117,78.344,78.77,78.711,38.738,22.543,43.313,42.278,0.0,0.0,0.0,0.0,0.0,0.0,0.0,0.0
0.0,0.0,0.0,0.0,0.0,29.294,50.355,30.294,74.319,80.592,80.883,79.349,18.692,60.866,64.894,42.921,0.0,0.0,0.0,0.0,0.0,0.0,0.0,0.0
0.0,0.0,0.0,0.0,0.0,57.217,73.248,79.921,80.325,81.227,71.856,70.799,78.176,43.597,59.943,40.891,0.0,0.0,0.0,0.0,0.0,0.0,0.0,0.0
0.0,0.0,0.0,0.0,0.0,8.458,68.422,77.19,78.988,75.859,67.123,79.525,67.771,20.191,63.516,43.816,0.0,0.0,0.0,0.0,0.0,0.0,0.0,0.0
0.0,0.0,0.0,0.0,0.0,21.16,56.677,17.809,32.965,77.98,77.459,48.15,54.116,34.236,44.798,21.821,0.0,0.0,0.0,0.0,0.0,0.0,0.0,0.0
0.0,0.0,0.0,0.0,0.0,56.851,58.293,76.208,66.799,11.936,5.562,34.62,77.745,71.996,67.997,47.596,0.0,0.0,0.0,0.0,0.0,0.0,0.0,0.0
0.0,0.0,0.0,0.0,0.0,5.734,41.547,15.805,8.336,34.137,32.925,77.61,25.734,39.489,26.85,16.544,0.0,0.0,0.0,0.0,0.0,0.0,0.0,0.0
0.0,0.0,0.0,0.0,0.0,8.351,26.263,19.172,9.946,16.71,17.831,25.723,33.582,27.271,3.566,2.466,0.0,0.0,0.0,0.0,0.0,0.0,0.0,0.0
0.0,0.0,0.0,0.0,0.0,5.188,2.363,3.112,4.523,8.823,21.493,24.39,27.725,48.731,13.487,27.794,0.0,0.0,0.0,0.0,0.0,0.0,0.0,0.0
0.0,0.0,0.0,0.0,0.0,31.32,66.141,0.0,28.83,5.423,5.7,23.159,49.585,61.699,55.132,40.497,0.0,0.0,0.0,0.0,0.0,0.0,0.0,0.0
0.0,0.0,0.0,0.0,0.0,8.865,15.778,40.462,63.473,63.585,64.38,47.908,73.368,20.322,65.169,32.829,0.0,0.0,0.0,0.0,0.0,0.0,0.0,0.0
0.0,0.0,0.0,0.0,0.0,5.025,3.949,4.464,11.26,46.595,49.105,57.625,34.484,10.672,10.885,17.79,0.0,0.0,0.0,0.0,0.0,0.0,0.0,0.0
0.0,0.0,0.0,0.0,0.0,25.087,6.341,3.996,5.854,12.681,7.482,5.278,8.308,19.368,15.241,26.575,0.0,0.0,0.0,0.0,0.0,0.0,0.0,0.0
0.0,0.0,0.0,0.0,0.0,55.519,70.807,75.563,76.589,78.871,63.533,51.038,4.817,25.568,64.261,20.986,0.0,0.0,0.0,0.0,0.0,0.0,0.0,0.0
0.0,0.0,0.0,0.0,0.0,42.028,1.599,3.126,4.544,5.483,5.684,6.631,7.392,8.589,6.856,2.502,0.0,0.0,0.0,0.0,0.0,0.0,0.0,0.0
0.0,0.0,0.0,0.0,0.0,1.469,8.137,9.291,14.884,39.363,41.933,43.19,42.616,66.502,40.223,9.856,0.0,0.0,0.0,0.0,0.0,0.0,0.0,0.0
0.0,0.0,0.0,0.0,0.0,0.591,1.852,6.249,10.769,25.623,24.94,37.546,23.792,11.08,24.954,8.164,0.0,0.0,0.0,0.0,0.0,0.0,0.0,0.0
0.0,0.0,0.0,0.0,0.0,0.89,2.699,26.623,74.034,51.428,46.142,48.242,64.13,27.43,16.066,3.466,0.0,0.0,0.0,0.0,0.0,0.0,0.0,0.0
0.0,0.0,0.0,0.0,0.0,4.901,6.104,21.919,11.307,20.82,16.208,23.116,7.828,17.009,23.563,15.447,0.0,0.0,0.0,0.0,0.0,0.0,0.0,0.0
0.0,0.0,0.0,0.0,0.0,19.517,2.507,21.616,48.715,17.798,61.218,71.133,54.994,8.809,13.78,31.295,0.0,0.0,0.0,0.0,0.0,0.0,0.0,0.0
0.0,0.0,0.0,0.0,0.0,0.758,23.035,71.346,67.122,76.521,75.972,63.92,67.213,58.333,60.989,41.291,0.0,0.0,0.0,0.0,0.0,0.0,0.0,0.0
0.0,0.0,0.0,0.0,0.0,54.563,18.496,34.982,61.933,78.95,63.551,73.145,23.344,2.903,1.554,1.86,0.0,0.0,0.0,0.0,0.0,0.0,0.0,0.0
0.0,0.0,0.0,0.0,0.0,50.132,70.414,73.792,78.324,78.266,77.404,72.658,67.105,27.481,66.739,38.849,0.0,0.0,0.0,0.0,0.0,0.0,0.0,0.0
0.0,0.0,0.0,0.0,0.0,18.677,41.158,71.111,63.812,68.921,79.633,80.023,77.83,73.745,66.169,46.588,0.0,0.0,0.0,0.0,0.0,0.0,0.0,0.0
0.0,0.0,0.0,0.0,0.0,35.316,49.828,69.737,72.93,74.807,80.528,79.751,77.626,73.279,64.417,45.649,0.0,0.0,0.0,0.0,0.0,0.0,0.0,0.0
0.0,0.0,0.0,0.0,0.0,33.784,47.691,67.285,77.687,80.543,82.52,81.173,77.639,73.538,65.599,44.823,0.0,0.0,0.0,0.0,0.0,0.0,0.0,0.0
0.0,0.0,0.0,0.0,0.0,40.085,68.819,77.257,81.974,83.452,83.247,82.708,80.327,76.918,68.867,48.565,0.0,0.0,0.0,0.0,0.0,0.0,0.0,0.0
0.0,0.0,0.0,0.0,0.0,39.659,70.242,77.996,82.203,82.988,82.375,81.485,78.648,74.477,66.938,47.776,0.0,0.0,0.0,0.0,0.0,0.0,0.0,0.0
0.0,0.0,0.0,0.0,0.0,1.124,13.329,41.611,61.662,61.033,75.517,77.059,58.956,69.003,69.234,46.446,0.0,0.0,0.0,0.0,0.0,0.0,0.0,0.0
0.0,0.0,0.0,0.0,0.0,30.27,62.263,59.996,69.347,70.579,81.544,81.752,81.915,77.297,68.2,44.694,0.0,0.0,0.0,0.0,0.0,0.0,0.0,0.0
0.0,0.0,0.0,0.0,0.0,46.025,66.4,76.337,77.717,78.398,77.216,75.139,72.797,48.431,33.071,1.45,0.0,0.0,0.0,0.0,0.0,0.0,0.0,0.0
0.0,0.0,0.0,0.0,0.0,3.678,6.098,73.311,75.526,77.371,76.231,60.618,58.122,76.461,66.013,47.172,0.0,0.0,0.0,0.0,0.0,0.0,0.0,0.0
0.0,0.0,0.0,0.0,0.0,42.088,66.634,75.029,75.839,76.049,73.186,57.418,41.048,58.77,26.142,1.246,0.0,0.0,0.0,0.0,0.0,0.0,0.0,0.0
0.0,0.0,0.0,0.0,0.0,47.953,70.021,78.803,80.287,81.02,81.486,79.997,74.871,48.044,55.225,48.119,0.0,0.0,0.0,0.0,0.0,0.0,0.0,0.0
0.0,0.0,0.0,0.0,0.0,48.297,69.916,75.681,75.876,79.035,79.314,75.141,31.338,6.477,42.893,42.73,0.0,0.0,0.0,0.0,0.0,0.0,0.0,0.0
0.0,0.0,0.0,0.0,0.0,30.289,61.845,71.079,76.668,64.048,26.662,46.809,64.543,32.682,33.716,51.075,0.0,0.0,0.0,0.0,0.0,0.0,0.0,0.0
0.0,0.0,0.0,0.0,0.0,5.493,68.998,71.197,74.147,75.271,76.336,76.487,79.448,75.037,65.215,42.358,0.0,0.0,0.0,0.0,0.0,0.0,0.0,0.0
0.0,0.0,0.0,0.0,0.0,22.005,59.141,69.276,71.541,70.569,77.047,76.868,70.689,58.343,59.348,13.151,0.0,0.0,0.0,0.0,0.0,0.0,0.0,0.0
0.0,0.0,0.0,0.0,0.0,4.35,29.119,36.36,66.148,77.124,78.275,77.613,76.986,73.065,65.451,45.833,0.0,0.0,0.0,0.0,0.0,0.0,0.0,0.0
0.0,0.0,0.0,0.0,0.0,9.15,49.427,74.889,78.355,79.37,79.728,78.681,74.755,74.698,68.396,47.864,0.0,0.0,0.0,0.0,0.0,0.0,0.0,0.0
0.0,0.0,0.0,0.0,0.0,1.388,54.615,52.569,68.553,74.911,77.691,74.539,8.683,52.803,21.158,36.227,0.0,0.0,0.0,0.0,0.0,0.0,0.0,0.0
0.0,0.0,0.0,0.0,0.0,5.435,59.033,72.183,75.029,75.602,76.599,76.416,68.102,72.345,60.469,48.891,0.0,0.0,0.0,0.0,0.0,0.0,0.0,0.0
0.0,0.0,0.0,0.0,0.0,0.791,20.59,36.466,51.221,77.932,79.539,81.369,80.235,74.618,67.001,42.253,0.0,0.0,0.0,0.0,0.0,0.0,0.0,0.0
0.0,0.0,0.0,0.0,0.0,37.733,64.933,60.21,78.057,63.002,37.591,32.016,79.423,30.799,50.606,53.135,0.0,0.0,0.0,0.0,0.0,0.0,0.0,0.0
0.0,0.0,0.0,0.0,0.0,42.444,70.812,73.971,73.837,78.538,78.863,80.297,80.25,76.783,69.231,51.198,0.0,0.0,0.0,0.0,0.0,0.0,0.0,0.0
0.0,0.0,0.0,0.0,0.0,51.557,71.47,78.353,78.551,76.989,80.905,77.929,80.951,77.294,69.05,51.312,0.0,0.0,0.0,0.0,0.0,0.0,0.0,0.0
0.0,0.0,0.0,0.0,0.0,35.237,65.414,77.087,78.507,76.541,71.318,53.792,54.09,70.072,65.585,47.96,0.0,0.0,0.0,0.0,0.0,0.0,0.0,0.0
0.0,0.0,0.0,0.0,0.0,20.368,56.636,66.764,71.219,69.616,73.198,34.303,72.658,69.273,61.219,45.245,0.0,0.0,0.0,0.0,0.0,0.0,0.0,0.0
0.0,0.0,0.0,0.0,0.0,0.459,6.009,8.787,12.246,22.866,58.899,55.56,43.25,25.568,30.369,36.461,0.0,0.0,0.0,0.0,0.0,0.0,0.0,0.0
0.0,0.0,0.0,0.0,0.0,40.548,41.28,33.533,12.034,56.653,67.089,40.191,65.394,9.518,2.836,9.854,0.0,0.0,0.0,0.0,0.0,0.0,0.0,0.0
0.0,0.0,0.0,0.0,0.0,10.05,65.898,74.771,75.361,63.89,69.751,66.684,76.957,72.465,36.017,18.191,0.0,0.0,0.0,0.0,0.0,0.0,0.0,0.0
0.0,0.0,0.0,0.0,0.0,11.049,57.382,72.853,74.846,75.562,70.637,69.729,77.133,52.583,38.781,9.772,0.0,0.0,0.0,0.0,0.0,0.0,0.0,0.0
0.0,0.0,0.0,0.0,0.0,51.593,67.477,58.052,73.347,70.094,70.149,70.392,67.238,61.668,68.725,34.178,0.0,0.0,0.0,0.0,0.0,0.0,0.0,0.0
0.0,0.0,0.0,0.0,0.0,2.602,4.084,22.019,15.325,74.472,50.448,78.896,78.296,74.052,65.024,46.084,0.0,0.0,0.0,0.0,0.0,0.0,0.0,0.0
0.0,0.0,0.0,0.0,0.0,7.098,30.302,68.869,72.187,78.167,79.099,77.035,4.622,3.053,25.188,24.49,0.0,0.0,0.0,0.0,0.0,0.0,0.0,0.0
0.0,0.0,0.0,0.0,0.0,10.518,22.163,67.651,74.932,67.804,78.852,78.171,0.0,64.738,3.905,6.213,0.0,0.0,0.0,0.0,0.0,0.0,0.0,0.0
0.0,0.0,0.0,0.0,0.0,18.591,27.891,37.919,41.033,74.405,68.794,46.31,0.0,35.742,45.708,3.992,0.0,0.0,0.0,0.0,0.0,0.0,0.0,0.0
0.0,0.0,0.0,0.0,0.0,56.067,72.151,77.269,80.041,80.49,79.663,78.676,0.0,71.47,65.378,48.087,0.0,0.0,0.0,0.0,0.0,0.0,0.0,0.0
0.0,0.0,0.0,0.0,0.0,0.665,11.647,56.317,59.364,72.414,71.021,80.273,79.293,69.826,64.668,47.854,0.0,0.0,0.0,0.0,0.0,0.0,0.0,0.0
0.0,0.0,0.0,0.0,0.0,50.914,68.513,72.058,76.186,67.346,67.798,78.231,72.982,11.551,10.405,24.248,0.0,0.0,0.0,0.0,0.0,0.0,0.0,0.0
0.0,0.0,0.0,0.0,0.0,2.877,1.676,4.382,6.773,9.92,13.173,16.884,37.973,64.628,65.374,48.833,0.0,0.0,0.0,0.0,0.0,0.0,0.0,0.0
0.0,0.0,0.0,0.0,0.0,17.274,51.153,59.888,71.77,73.228,74.504,80.6,79.438,76.012,67.44,44.654,0.0,0.0,0.0,0.0,0.0,0.0,0.0,0.0
0.0,0.0,0.0,0.0,0.0,42.849,67.037,71.553,77.641,78.218,79.379,80.803,78.019,74.943,65.713,43.561,0.0,0.0,0.0,0.0,0.0,0.0,0.0,0.0
0.0,0.0,0.0,0.0,0.0,51.523,69.763,77.208,79.884,76.261,72.502,80.701,79.08,74.909,65.723,43.335,0.0,0.0,0.0,0.0,0.0,0.0,0.0,0.0
0.0,0.0,0.0,0.0,0.0,3.151,20.441,65.436,75.08,51.791,55.484,6.478,7.766,28.634,48.779,4.445,0.0,0.0,0.0,0.0,0.0,0.0,0.0,0.0
0.0,0.0,0.0,0.0,0.0,0.467,2.381,0.0,33.77,33.888,44.754,41.052,72.225,37.862,55.728,13.534,0.0,0.0,0.0,0.0,0.0,0.0,0.0,0.0
0.0,0.0,0.0,0.0,0.0,3.136,5.026,0.0,32.817,23.602,21.579,21.821,13.646,5.138,4.909,5.523,0.0,0.0,0.0,0.0,0.0,0.0,0.0,0.0
0.0,0.0,0.0,0.0,0.0,2.481,36.467,74.919,80.538,82.965,81.707,79.224,70.768,73.572,53.219,15.09,0.0,0.0,0.0,0.0,0.0,0.0,0.0,0.0
0.0,0.0,0.0,0.0,0.0,10.75,71.712,77.733,78.466,80.237,79.77,80.232,74.992,75.16,66.902,45.678,0.0,0.0,0.0,0.0,0.0,0.0,0.0,0.0
0.0,0.0,0.0,0.0,0.0,10.22,40.865,68.471,74.453,73.316,75.448,76.902,77.2,72.773,66.098,45.965,0.0,0.0,0.0,0.0,0.0,0.0,0.0,0.0
0.0,0.0,0.0,0.0,0.0,53.168,68.522,75.295,77.779,79.686,78.007,80.694,78.345,75.159,65.628,43.553,0.0,0.0,0.0,0.0,0.0,0.0,0.0,0.0
0.0,0.0,0.0,0.0,0.0,51.885,66.743,66.021,74.827,78.238,79.041,79.48,77.089,73.11,62.69,41.924,0.0,0.0,0.0,0.0,0.0,0.0,0.0,0.0
0.0,0.0,0.0,0.0,0.0,55.459,68.525,74.22,75.655,75.723,75.409,78.69,77.052,73.577,64.489,43.338,0.0,0.0,0.0,0.0,0.0,0.0,0.0,0.0
0.0,0.0,0.0,0.0,0.0,47.097,66.084,74.313,74.877,77.083,72.479,76.863,48.256,14.074,64.63,42.132,0.0,0.0,0.0,0.0,0.0,0.0,0.0,0.0
0.0,0.0,0.0,0.0,0.0,1.186,3.43,7.648,10.949,29.385,66.593,63.154,75.994,76.553,65.27,42.428,0.0,0.0,0.0,0.0,0.0,0.0,0.0,0.0
0.0,0.0,0.0,0.0,0.0,0.863,2.282,3.795,7.338,34.143,54.433,69.009,80.033,75.67,65.864,42.39,0.0,0.0,0.0,0.0,0.0,0.0,0.0,0.0
0.0,0.0,0.0,0.0,0.0,47.01,63.601,68.703,74.749,75.685,77.646,74.684,75.032,8.888,13.874,24.479,0.0,0.0,0.0,0.0,0.0,0.0,0.0,0.0
0.0,0.0,0.0,0.0,0.0,16.964,60.721,51.286,72.932,71.9,68.563,73.444,74.285,71.195,63.655,37.895,0.0,0.0,0.0,0.0,0.0,0.0,0.0,0.0
0.0,0.0,0.0,0.0,0.0,40.025,38.016,41.203,47.91,62.454,61.961,75.167,70.544,57.227,23.929,40.885,0.0,0.0,0.0,0.0,0.0,0.0,0.0,0.0
0.0,0.0,0.0,0.0,0.0,25.885,22.868,31.346,30.933,61.159,52.329,61.898,62.851,12.966,48.744,45.995,0.0,0.0,0.0,0.0,0.0,0.0,0.0,0.0
0.0,0.0,0.0,0.0,0.0,0.689,37.438,67.659,60.836,12.909,44.031,44.989,57.216,42.278,36.718,24.373,0.0,0.0,0.0,0.0,0.0,0.0,0.0,0.0
0.0,0.0,0.0,0.0,0.0,0.441,19.878,48.012,55.055,69.279,76.328,77.107,42.105,16.689,35.673,13.314,0.0,0.0,0.0,0.0,0.0,0.0,0.0,0.0
0.0,0.0,0.0,0.0,0.0,51.576,71.113,70.66,76.673,74.069,78.515,78.255,73.293,68.134,64.473,42.397,0.0,0.0,0.0,0.0,0.0,0.0,0.0,0.0
0.0,0.0,0.0,0.0,3.795,33.129,63.777,72.006,75.405,76.329,72.188,74.51,72.801,71.542,61.18,40.862,0.0,0.0,0.0,0.0,0.0,0.0,0.0,0.0
0.0,0.0,0.0,0.0,5.805,40.077,51.561,51.807,69.561,60.147,69.33,30.928,62.414,68.631,35.647,37.854,0.0,0.0,0.0,0.0,0.0,0.0,0.0,0.0
0.0,0.0,0.0,0.0,7.886,35.012,57.033,69.54,70.245,73.141,80.468,75.962,23.212,72.319,63.165,46.561,0.0,0.0,0.0,0.0,0.0,0.0,0.0,0.0
0.0,0.0,0.0,0.0,5.553,41.927,60.178,64.54,67.621,78.134,73.312,72.394,76.119,70.527,58.112,39.748,0.0,0.0,0.0,0.0,0.0,0.0,0.0,0.0
0.0,0.0,0.0,0.0,1.439,1.187,5.666,37.445,54.916,50.063,61.527,65.428,60.737,65.761,51.768,25.883,0.0,0.0,0.0,0.0,0.0,0.0,0.0,0.0
0.0,0.0,0.0,0.0,3.32,22.99,28.46,49.425,70.939,49.954,72.098,71.38,76.734,72.124,66.005,43.747,0.0,0.0,0.0,0.0,0.0,0.0,0.0,0.0
0.0,0.0,0.0,0.0,0.0,2.504,2.767,4.552,9.588,14.658,14.665,14.245,23.05,14.74,21.577,35.464,0.0,0.0,0.0,0.0,0.0,0.0,0.0,0.0
0.0,0.0,0.0,0.0,0.037,1.609,8.69,54.84,49.967,54.903,39.886,59.155,44.596,29.969,57.73,17.821,0.0,0.0,0.0,0.0,0.0,0.0,0.0,0.0
0.0,0.0,0.0,0.0,1.396,0.932,1.927,3.539,11.976,39.885,37.892,61.789,68.489,52.793,54.229,25.729,0.0,0.0,0.0,0.0,0.0,0.0,0.0,0.0
0.0,0.0,0.0,0.0,1.467,0.575,1.92,3.524,5.012,6.011,7.913,9.813,10.679,15.949,6.51,2.481,0.0,0.0,0.0,0.0,0.0,0.0,0.0,0.0
0.0,0.0,0.0,0.0,0.015,4.58,45.444,58.073,73.58,75.883,77.866,80.686,78.445,74.767,64.444,42.608,0.0,0.0,0.0,0.0,0.0,0.0,0.0,0.0
0.0,0.0,0.0,0.0,9.894,56.246,67.827,61.765,71.043,59.559,53.214,74.504,77.93,74.22,62.354,27.594,0.0,0.0,0.0,0.0,0.0,0.0,0.0,0.0
0.0,0.0,0.0,0.0,0.0,0.528,1.915,6.83,47.263,65.496,73.647,60.616,55.192,55.007,47.741,16.003,0.0,0.0,0.0,0.0,0.0,0.0,0.0,0.0
0.0,0.0,0.0,0.0,0.0,4.546,9.415,50.431,74.254,79.452,79.394,74.254,73.427,70.454,55.451,23.872,0.0,0.0,0.0,0.0,0.0,0.0,0.0,0.0
0.0,0.0,0.0,0.0,2.844,10.101,3.442,20.841,74.613,78.025,73.495,77.415,74.765,68.491,64.267,40.867,0.0,0.0,0.0,0.0,0.0,0.0,0.0,0.0
0.0,0.0,0.0,0.0,4.35,56.711,19.942,60.94,6.976,5.892,6.735,16.387,33.905,55.098,56.417,38.148,0.0,0.0,0.0,0.0,0.0,0.0,0.0,0.0
0.0,0.0,0.0,0.0,0.0,12.642,68.476,76.63,77.971,74.114,70.747,69.561,72.906,73.148,64.297,38.603,0.0,0.0,0.0,0.0,0.0,0.0,0.0,0.0
0.0,0.0,0.0,0.0,0.0,1.271,55.87,73.727,74.487,61.234,59.673,47.974,59.789,60.765,53.918,31.465,0.0,0.0,0.0,0.0,0.0,0.0,0.0,0.0
0.0,0.0,0.0,0.0,5.733,0.578,1.928,5.924,35.796,62.577,68.411,66.621,73.001,69.183,59.716,36.174,0.0,0.0,0.0,0.0,0.0,0.0,0.0,0.0
0.0,0.0,0.0,0.0,0.0,0.759,2.534,19.092,46.981,42.761,63.349,77.936,76.124,72.347,62.334,39.536,0.0,0.0,0.0,0.0,0.0,0.0,0.0,0.0
0.0,0.0,0.0,0.0,14.872,1.428,2.768,3.511,4.926,6.844,16.807,48.64,71.738,68.659,61.795,39.744,0.0,0.0,0.0,0.0,0.0,0.0,0.0,0.0
0.0,0.0,0.0,0.0,0.0,0.58,1.929,5.779,20.817,48.34,69.078,58.927,39.567,45.909,48.865,30.408,0.0,0.0,0.0,0.0,0.0,0.0,0.0,0.0
0.0,0.0,0.0,0.0,0.092,4.832,45.305,69.197,80.331,71.755,57.966,75.245,78.146,69.378,50.707,3.573,0.0,0.0,0.0,0.0,0.0,0.0,0.0,0.0
0.0,0.0,0.0,0.0,0.0,0.668,1.926,28.394,40.671,41.427,41.268,59.409,69.481,63.837,60.625,28.195,0.0,0.0,0.0,0.0,0.0,0.0,0.0,0.0
0.0,0.0,0.0,0.0,0.12,1.186,5.989,16.224,51.238,59.36,47.394,51.339,49.487,53.847,47.117,35.037,0.0,0.0,0.0,0.0,0.0,0.0,0.0,0.0
0.0,0.0,0.0,0.0,5.469,54.791,68.313,63.13,74.766,73.795,77.506,73.273,41.367,6.467,4.254,41.539,0.0,0.0,0.0,0.0,0.0,0.0,0.0,0.0
0.0,0.0,0.0,0.0,2.646,51.098,64.512,55.76,70.547,42.219,35.24,7.202,4.075,4.033,15.64,12.434,0.0,0.0,0.0,0.0,0.0,0.0,0.0,0.0
0.0,0.0,0.0,0.0,0.091,16.421,1.909,24.149,16.079,11.389,20.815,42.803,35.166,61.039,49.042,21.113,0.0,0.0,0.0,0.0,0.0,0.0,0.0,0.0
0.0,0.0,0.0,0.0,3.905,47.161,72.172,75.273,77.582,62.673,66.199,42.595,38.225,50.445,34.102,29.236,0.0,0.0,0.0,0.0,0.0,0.0,0.0,0.0
0.0,0.0,0.0,0.0,2.499,41.678,9.935,55.278,70.922,51.835,50.957,62.112,58.719,60.716,38.22,32.798,0.0,0.0,0.0,0.0,0.0,0.0,0.0,0.0
0.0,0.0,0.0,0.0,3.828,35.338,59.243,21.811,63.623,68.422,61.762,59.449,70.932,62.422,44.215,18.726,0.0,0.0,0.0,0.0,0.0,0.0,0.0,0.0
0.0,0.0,0.0,0.0,0.0,3.194,1.926,4.438,8.777,13.691,15.453,22.615,32.509,47.37,64.411,7.544,0.0,0.0,0.0,0.0,0.0,0.0,0.0,0.0
0.0,0.0,0.0,0.0,9.223,29.409,68.079,21.148,37.455,70.008,77.126,80.185,77.893,73.571,54.075,24.752,0.0,0.0,0.0,0.0,0.0,0.0,0.0,0.0
0.0,0.0,0.0,0.0,0.241,21.22,35.354,67.746,75.472,66.836,73.661,74.138,74.017,71.365,53.174,12.018,0.0,0.0,0.0,0.0,0.0,0.0,0.0,0.0
0.0,0.0,0.0,0.0,13.237,35.159,5.241,68.605,77.422,78.003,66.193,77.485,76.726,72.661,61.128,36.926,0.0,0.0,0.0,0.0,0.0,0.0,0.0,0.0
0.0,0.0,0.0,0.0,1.149,55.875,68.261,67.568,26.092,11.381,5.725,5.108,7.891,8.889,6.016,12.129,0.0,0.0,0.0,0.0,0.0,0.0,0.0,0.0
0.0,0.0,0.0,0.0,0.0,2.994,11.47,41.024,36.776,42.784,55.644,44.47,76.459,70.113,54.519,2.771,0.0,0.0,0.0,0.0,0.0,0.0,0.0,0.0
0.0,0.0,0.0,0.0,1.24,1.945,24.177,63.186,62.422,71.949,74.761,75.32,73.639,69.882,63.947,33.755,0.0,0.0,0.0,0.0,0.0,0.0,0.0,0.0
0.0,0.0,0.0,0.0,14.254,1.533,43.333,0.0,5.889,12.243,22.794,30.571,25.084,12.167,13.791,11.466,0.0,0.0,0.0,0.0,0.0,0.0,0.0,0.0
0.0,0.0,0.0,0.0,1.325,1.135,40.108,0.0,65.24,44.983,49.899,36.541,64.285,72.408,60.077,39.033,0.0,0.0,0.0,0.0,0.0,0.0,0.0,0.0
0.0,0.0,0.0,0.0,10.268,15.413,25.377,46.482,53.617,27.234,41.094,42.637,36.632,58.769,53.061,22.785,0.0,0.0,0.0,0.0,0.0,0.0,0.0,0.0
0.0,0.0,0.0,0.0,0.182,23.596,13.687,19.95,42.477,48.653,60.838,54.418,49.916,63.603,39.92,12.237,0.0,0.0,0.0,0.0,0.0,0.0,0.0,0.0
0.0,0.0,0.0,0.0,6.347,10.637,51.083,43.941,74.048,18.104,18.082,44.441,63.44,71.862,60.731,32.589,0.0,0.0,0.0,0.0,0.0,0.0,0.0,0.0
0.0,0.0,0.0,0.0,0.21,58.43,67.416,62.535,25.78,5.43,5.623,10.049,25.801,58.372,51.189,8.307,0.0,0.0,0.0,0.0,0.0,0.0,0.0,0.0
0.0,0.0,0.0,0.0,3.663,4.401,53.499,42.774,60.206,70.159,66.683,71.331,76.139,67.665,52.083,23.13,0.0,0.0,0.0,0.0,0.0,0.0,0.0,0.0
0.0,0.0,0.0,0.0,0.0,0.582,1.859,8.536,8.644,12.494,7.784,10.664,64.464,69.789,54.083,35.879,0.0,0.0,0.0,0.0,0.0,0.0,0.0,0.0
0.0,0.0,0.0,0.0,16.658,53.492,71.568,14.358,15.019,40.161,62.672,51.014,20.998,28.199,49.175,10.291,0.0,0.0,0.0,0.0,0.0,0.0,0.0,0.0
0.0,0.0,0.0,0.0,1.211,57.187,50.101,47.664,4.611,24.942,41.193,48.844,50.498,65.145,33.51,38.052,0.0,0.0,0.0,0.0,0.0,0.0,0.0,0.0
0.0,0.0,0.0,0.0,8.977,7.575,32.47,4.701,5.109,27.866,61.587,76.242,75.753,70.904,58.492,31.841,0.0,0.0,0.0,0.0,0.0,0.0,0.0,0.0
0.0,0.0,0.0,0.0,1.217,38.659,68.562,73.607,75.754,17.364,58.629,17.144,61.987,68.173,39.771,19.405,0.0,0.0,0.0,0.0,0.0,0.0,0.0,0.0
0.0,0.0,0.0,0.0,1.168,0.85,8.165,26.054,76.053,78.086,79.572,75.747,73.915,71.561,58.141,34.552,0.0,0.0,0.0,0.0,0.0,0.0,0.0,0.0
0.0,0.0,0.0,0.0,1.315,8.882,5.104,52.841,61.111,79.435,74.918,76.006,75.405,72.548,59.462,33.76,0.0,0.0,0.0,0.0,0.0,0.0,0.0,0.0
0.0,0.0,0.0,0.0,1.183,26.62,63.336,56.179,26.273,30.674,63.68,70.758,77.586,74.108,60.345,11.717,0.0,0.0,0.0,0.0,0.0,0.0,0.0,0.0
0.0,0.0,0.0,0.0,8.963,24.496,69.068,73.312,72.336,57.179,49.356,7.994,33.991,59.482,63.389,35.488,0.0,0.0,0.0,0.0,0.0,0.0,0.0,0.0
0.0,0.0,0.0,0.0,0.043,3.733,49.622,30.509,41.863,74.021,66.367,45.22,36.952,61.221,29.08,33.221,0.0,0.0,0.0,0.0,0.0,0.0,0.0,0.0
0.0,0.0,0.0,0.0,0.0,5.867,1.789,10.417,60.26,52.141,64.669,50.165,56.987,61.688,59.883,32.12,0.0,0.0,0.0,0.0,0.0,0.0,0.0,0.0
0.0,0.0,0.0,0.0,10.313,54.463,65.739,74.025,75.086,78.585,75.646,68.055,76.077,70.136,61.529,33.279,0.0,0.0,0.0,0.0,0.0,0.0,0.0,0.0
0.0,0.0,0.0,0.0,0.0,14.024,59.731,72.439,70.57,54.997,70.141,60.776,35.362,43.883,4.8,2.634,0.0,0.0,0.0,0.0,0.0,0.0,0.0,0.0
0.0,0.0,0.0,0.0,6.421,49.969,65.214,70.879,70.366,67.49,14.686,38.094,4.382,4.184,26.203,39.001,0.0,0.0,0.0,0.0,0.0,0.0,0.0,0.0
0.0,0.0,0.0,0.0,0.0,11.456,69.614,76.527,78.622,77.259,80.074,77.607,72.657,68.983,38.348,33.125,0.0,0.0,0.0,0.0,0.0,0.0,0.0,0.0
0.0,0.0,0.0,0.0,19.491,55.319,67.832,20.997,78.554,73.776,54.951,74.729,57.524,53.628,59.684,40.159,0.0,0.0,0.0,0.0,0.0,0.0,0.0,0.0
0.0,0.0,0.0,0.0,16.099,23.851,27.815,64.264,65.575,36.08,23.914,21.057,72.207,66.99,59.179,32.891,0.0,0.0,0.0,0.0,0.0,0.0,0.0,0.0
0.0,0.0,0.0,0.0,17.204,52.886,13.539,17.777,23.569,6.659,11.932,72.154,53.454,70.762,64.712,38.184,0.0,0.0,0.0,0.0,0.0,0.0,0.0,0.0
0.0,0.0,0.0,0.0,1.274,21.546,33.294,35.105,40.047,73.5,78.449,77.805,76.473,72.627,59.576,33.376,0.0,0.0,0.0,0.0,0.0,0.0,0.0,0.0
0.0,0.0,0.0,0.0,5.168,21.147,44.302,69.042,69.579,68.392,65.397,66.005,73.94,68.453,56.379,31.7,0.0,0.0,0.0,0.0,0.0,0.0,0.0,0.0
0.0,0.0,0.0,0.0,5.223,11.748,21.476,43.335,48.923,57.734,51.607,53.704,34.166,62.719,56.965,26.569,0.0,0.0,0.0,0.0,0.0,0.0,0.0,0.0
0.0,0.0,0.0,0.0,1.305,1.881,24.219,64.949,66.556,68.383,50.874,14.548,5.509,18.981,62.07,38.6,0.0,0.0,0.0,0.0,0.0,0.0,0.0,0.0
0.0,0.0,0.0,0.0,17.641,57.881,19.985,62.102,78.789,73.621,57.548,55.203,40.622,73.632,26.458,0.03,0.0,0.0,0.0,0.0,0.0,0.0,0.0,0.0
0.0,0.0,0.0,0.0,9.663,53.372,69.364,74.851,64.505,51.802,41.587,42.736,23.563,7.219,17.093,8.861,0.0,0.0,0.0,0.0,0.0,0.0,0.0,0.0
0.0,0.0,0.0,0.0,15.277,53.738,68.58,72.608,76.542,78.328,75.038,69.172,71.615,54.099,25.762,24.829,0.0,0.0,0.0,0.0,0.0,0.0,0.0,0.0
0.0,0.0,0.0,0.0,13.901,12.445,50.333,70.457,66.726,76.97,68.497,73.36,73.025,62.283,64.037,5.542,0.0,0.0,0.0,0.0,0.0,0.0,0.0,0.0
0.0,0.0,0.0,0.0,15.378,49.79,66.766,69.958,62.563,51.997,70.021,74.281,71.845,66.171,43.111,16.72,0.0,0.0,0.0,0.0,0.0,0.0,0.0,0.0
0.0,0.0,0.0,0.0,9.731,5.618,57.784,12.605,16.791,64.724,60.552,24.741,67.163,66.747,38.467,40.041,0.0,0.0,0.0,0.0,0.0,0.0,0.0,0.0
0.0,0.0,0.0,0.0,0.0,0.485,1.871,5.474,10.474,8.712,46.362,15.238,22.721,14.479,62.075,25.44,0.0,0.0,0.0,0.0,0.0,0.0,0.0,0.0
0.0,0.0,0.0,0.0,3.989,12.841,68.417,76.264,76.83,71.525,63.02,76.15,76.071,70.041,0.0,34.537,0.0,0.0,0.0,0.0,0.0,0.0,0.0,0.0
0.0,0.0,0.0,0.0,1.287,5.026,31.994,60.5,78.844,77.053,69.012,82.33,78.031,72.992,61.846,33.784,0.0,0.0,0.0,0.0,0.0,0.0,0.0,0.0
0.0,0.0,0.0,0.0,13.16,55.277,64.701,77.157,77.516,0.0,74.298,68.722,73.176,63.714,59.266,33.436,0.0,0.0,0.0,0.0,0.0,0.0,0.0,0.0
0.0,0.0,0.0,0.0,8.517,43.711,21.748,72.321,52.476,71.717,34.715,10.744,4.01,36.625,17.759,40.298,0.0,0.0,0.0,0.0,0.0,0.0,0.0,0.0
0.0,0.0,0.0,0.0,2.703,23.2,67.152,73.504,73.33,72.08,74.049,64.963,56.775,68.306,58.323,31.553,0.0,0.0,0.0,0.0,0.0,0.0,0.0,0.0
0.0,0.0,0.0,0.0,7.278,48.159,63.341,66.554,71.899,76.534,77.291,74.584,68.557,53.266,43.938,34.36,0.0,0.0,0.0,0.0,0.0,0.0,0.0,0.0
0.0,0.0,0.0,0.0,1.324,29.888,55.683,69.43,31.696,42.229,61.765,69.106,75.802,70.408,50.635,24.876,0.0,0.0,0.0,0.0,0.0,0.0,0.0,0.0
0.0,0.0,0.0,0.0,0.0,2.553,22.72,17.935,55.986,40.643,50.099,42.038,6.029,7.611,52.92,35.506,0.0,0.0,0.0,0.0,0.0,0.0,0.0,0.0
0.0,0.0,0.0,0.0,10.776,6.452,66.058,70.679,64.883,51.92,47.622,36.485,50.898,49.203,58.929,33.694,0.0,0.0,0.0,0.0,0.0,0.0,0.0,0.0
0.0,0.0,0.0,0.0,7.593,10.735,27.554,40.741,48.245,61.909,20.986,30.294,37.615,68.397,29.692,22.311,0.0,0.0,0.0,0.0,0.0,0.0,0.0,0.0
0.0,0.0,0.0,0.0,0.0,0.447,9.861,27.078,28.206,5.804,5.134,8.267,7.042,5.595,4.066,2.22,0.0,0.0,0.0,0.0,0.0,0.0,0.0,0.0
0.0,0.0,0.0,0.0,1.316,48.222,59.356,74.121,59.136,74.76,76.241,69.461,55.725,69.586,61.362,37.98,0.0,0.0,0.0,0.0,0.0,0.0,0.0,0.0
0.0,0.0,0.0,0.0,7.915,50.783,62.085,68.538,10.882,7.608,77.169,75.973,77.609,73.194,16.35,1.958,0.0,0.0,0.0,0.0,0.0,0.0,0.0,0.0
0.0,0.0,0.0,0.0,6.172,0.405,1.607,11.46,20.21,24.448,19.521,28.338,4.815,33.066,2.666,2.922,0.0,0.0,0.0,0.0,0.0,0.0,0.0,0.0
0.0,0.0,0.0,0.0,8.091,53.84,63.993,25.205,64.914,22.351,8.862,23.335,21.478,26.644,42.531,10.017,0.0,0.0,0.0,0.0,0.0,0.0,0.0,0.0
0.0,0.0,0.0,0.0,9.826,47.347,20.89,7.149,7.718,12.292,42.8,68.741,72.607,32.933,38.119,11.901,0.0,0.0,0.0,0.0,0.0,0.0,0.0,0.0
0.0,0.0,0.0,0.0,0.016,1.546,64.751,69.903,70.231,45.558,80.598,67.353,37.683,50.613,60.789,20.802,0.0,0.0,0.0,0.0,0.0,0.0,0.0,0.0
0.0,0.0,0.0,0.0,1.333,25.832,66.706,66.828,38.975,28.409,63.262,64.245,55.416,71.847,61.739,38.424,0.0,0.0,0.0,0.0,0.0,0.0,0.0,0.0
0.0,0.0,0.0,0.0,0.0,2.959,8.818,51.042,38.027,58.406,76.434,58.788,66.165,67.863,62.76,36.274,0.0,0.0,0.0,0.0,0.0,0.0,0.0,0.0
0.0,0.0,0.0,0.0,8.457,2.054,56.67,68.711,56.786,50.39,81.087,80.836,75.938,73.095,58.296,37.203,0.0,0.0,0.0,0.0,0.0,0.0,0.0,0.0
0.0,0.0,0.0,0.0,8.588,56.638,72.472,78.117,76.222,83.124,77.414,82.023,79.739,70.937,61.401,40.346,0.0,0.0,0.0,0.0,0.0,0.0,0.0,0.0
0.0,0.0,0.0,0.0,10.662,50.712,69.694,76.44,68.391,83.041,83.156,77.361,76.772,72.379,63.57,39.332,0.0,0.0,0.0,0.0,0.0,0.0,0.0,0.0
0.0,0.0,0.0,0.0,4.987,3.858,65.128,74.786,59.415,76.859,76.94,34.975,45.019,49.121,22.246,40.949,0.0,0.0,0.0,0.0,0.0,0.0,0.0,0.0
0.0,0.0,0.0,0.0,3.243,5.097,17.486,66.167,75.432,69.5,81.254,79.969,28.914,70.995,61.893,36.959,0.0,0.0,0.0,0.0,0.0,0.0,0.0,0.0
0.0,0.0,0.0,0.0,3.233,48.153,65.629,71.603,74.472,71.042,61.424,76.247,78.244,73.163,62.5,37.594,0.0,0.0,0.0,0.0,0.0,0.0,0.0,0.0
0.0,0.0,0.0,0.0,3.285,51.725,66.265,70.744,74.415,57.687,69.532,43.364,4.22,71.694,62.347,37.543,0.0,0.0,0.0,0.0,0.0,0.0,0.0,0.0
0.0,0.0,0.0,0.0,1.485,43.498,32.026,65.737,63.848,68.513,76.228,62.048,76.382,61.872,62.491,37.895,0.0,0.0,0.0,0.0,0.0,0.0,0.0,0.0
0.0,0.0,0.0,0.0,7.164,52.674,66.062,73.654,78.28,75.415,77.5,78.138,75.105,69.289,57.429,32.528,0.0,0.0,0.0,0.0,0.0,0.0,0.0,0.0
0.0,0.0,0.0,0.0,3.328,18.609,50.646,66.351,71.299,76.917,80.265,72.621,73.821,70.638,58.788,26.249,0.0,0.0,0.0,0.0,0.0,0.0,0.0,0.0
0.0,0.0,0.0,0.0,0.0,16.206,48.031,61.973,68.889,68.445,72.379,70.445,68.235,56.548,47.421,26.516,0.0,0.0,0.0,0.0,0.0,0.0,0.0,0.0
0.0,0.0,0.0,0.0,0.0,19.507,46.535,20.237,71.412,61.483,73.625,68.38,75.704,70.227,15.959,19.015,0.0,0.0,0.0,0.0,0.0,0.0,0.0,0.0
0.0,0.0,0.0,0.0,0.0,36.11,51.684,14.199,4.164,30.355,49.531,62.084,69.658,55.878,62.477,38.109,0.0,0.0,0.0,0.0,0.0,0.0,0.0,0.0
0.0,0.0,0.0,0.0,0.0,50.067,66.61,71.894,78.27,77.908,77.129,76.968,71.918,73.265,53.795,32.159,0.0,0.0,0.0,0.0,0.0,0.0,0.0,0.0
0.0,0.0,0.0,0.0,0.0,20.891,59.358,69.435,51.987,38.78,72.992,77.425,30.926,69.487,63.942,40.189,0.0,0.0,0.0,0.0,0.0,0.0,0.0,0.0
0.0,0.0,0.0,0.0,0.0,2.026,42.29,17.882,47.519,13.554,58.03,63.293,28.304,3.932,3.232,2.395,0.0,0.0,0.0,0.0,0.0,0.0,0.0,0.0
0.0,0.0,0.0,0.0,1.575,1.695,3.613,3.814,26.391,42.947,46.655,66.622,40.684,29.84,37.737,27.848,0.0,0.0,0.0,0.0,0.0,0.0,0.0,0.0
0.0,0.0,0.0,0.0,0.0,3.797,7.576,6.591,19.002,63.412,19.144,27.357,19.69,62.618,55.702,38.21,0.0,0.0,0.0,0.0,0.0,0.0,0.0,0.0
0.0,0.0,0.0,0.0,1.618,49.24,63.743,70.286,57.509,71.871,67.975,62.705,67.128,43.628,62.01,37.164,0.0,0.0,0.0,0.0,0.0,0.0,0.0,0.0
0.0,0.0,0.0,0.0,0.0,4.555,6.129,22.714,24.851,73.941,61.883,61.076,16.332,70.583,60.835,38.994,0.0,0.0,0.0,0.0,0.0,0.0,0.0,0.0
0.0,0.0,0.0,0.0,0.0,7.802,27.271,29.041,73.039,72.141,58.255,76.112,41.029,71.593,62.608,45.039,0.0,0.0,0.0,0.0,0.0,0.0,0.0,0.0
0.0,0.0,0.0,0.0,1.676,47.516,56.592,72.617,64.286,53.801,67.53,75.644,73.127,31.323,54.652,26.018,0.0,0.0,0.0,0.0,0.0,0.0,0.0,0.0
0.0,0.0,0.0,0.0,1.668,19.485,66.67,72.732,71.968,72.508,74.964,76.958,74.288,71.75,66.497,14.248,0.0,0.0,0.0,0.0,0.0,0.0,0.0,0.0
0.0,0.0,0.0,0.0,0.0,40.425,11.02,47.616,59.963,59.36,64.804,49.865,21.469,66.999,58.522,17.057,0.0,0.0,0.0,0.0,0.0,0.0,0.0,0.0
0.0,0.0,0.0,0.0,1.641,20.391,67.078,71.629,73.962,66.491,39.528,38.047,75.144,70.484,56.66,39.66,0.0,0.0,0.0,0.0,0.0,0.0,0.0,0.0
0.0,0.0,0.0,0.0,0.0,22.241,61.191,30.258,42.229,40.321,23.402,12.731,24.883,14.965,61.592,42.273,0.0,0.0,0.0,0.0,0.0,0.0,0.0,0.0
0.0,0.0,0.0,0.0,0.014,31.711,37.968,51.011,30.804,34.305,55.733,51.282,72.742,56.885,21.627,16.342,0.0,0.0,0.0,0.0,0.0,0.0,0.0,0.0
0.0,0.0,0.0,0.0,0.0,23.146,46.863,58.769,60.067,65.032,68.781,58.428,44.495,47.331,4.135,6.944,0.0,0.0,0.0,0.0,0.0,0.0,0.0,0.0
0.0,0.0,0.0,0.0,0.0,0.739,6.647,10.021,16.071,18.386,35.581,38.873,22.231,23.83,24.906,19.007,0.0,0.0,0.0,0.0,0.0,0.0,0.0,0.0
0.0,0.0,0.0,0.0,0.037,50.739,64.789,38.614,36.074,24.99,9.975,7.999,8.338,65.002,63.837,35.328,0.0,0.0,0.0,0.0,0.0,0.0,0.0,0.0
0.0,0.0,0.0,0.0,0.0,52.455,66.273,73.699,76.607,75.274,56.603,75.039,76.547,72.265,58.334,8.101,0.0,0.0,0.0,0.0,0.0,0.0,0.0,0.0
0.0,0.0,0.0,0.0,0.0,9.712,10.064,16.296,28.091,0.0,65.152,60.485,5.849,4.174,63.854,6.872,0.0,0.0,0.0,0.0,0.0,0.0,0.0,0.0
0.0,0.0,0.0,0.0,0.0,29.788,33.5,50.504,69.418,75.776,77.873,38.506,47.103,14.628,34.904,41.399,0.0,0.0,0.0,0.0,0.0,0.0,0.0,0.0
0.0,0.0,0.0,0.0,0.0,39.427,60.487,65.887,69.434,68.813,73.469,64.734,60.204,25.777,17.497,0.625,0.0,0.0,0.0,0.0,0.0,0.0,0.0,0.0
0.0,0.0,0.0,0.0,0.0,5.814,13.946,63.156,71.767,76.128,67.38,10.185,4.355,6.213,36.054,15.848,0.0,0.0,0.0,0.0,0.0,0.0,0.0,0.0
0.0,0.0,0.0,0.0,0.0,28.513,42.746,60.988,71.32,74.811,74.499,63.919,74.97,73.528,63.034,42.989,0.0,0.0,0.0,0.0,0.0,0.0,0.0,0.0
0.0,0.0,0.0,0.0,1.548,31.817,59.663,0.0,71.243,67.093,50.287,50.053,73.701,72.027,61.639,41.512,0.0,0.0,0.0,0.0,0.0,0.0,0.0,0.0
0.0,0.0,0.0,0.0,1.535,36.635,63.3,0.0,76.043,73.855,69.723,66.574,59.758,3.645,2.746,1.176,0.0,0.0,0.0,0.0,0.0,0.0,0.0,0.0
0.0,0.0,0.0,0.0,0.0,15.292,18.613,34.337,53.15,62.63,74.495,71.96,31.947,27.867,9.922,9.188,0.0,0.0,0.0,0.0,0.0,0.0,0.0,0.0
0.0,0.0,0.0,0.0,0.0,1.249,48.462,66.38,72.686,71.781,72.865,33.924,3.985,2.605,1.131,0.547,0.0,0.0,0.0,0.0,0.0,0.0,0.0,0.0
0.0,0.0,0.0,0.0,0.0,5.077,39.898,67.296,64.92,48.015,49.954,51.161,7.194,32.312,1.29,33.585,0.0,0.0,0.0,0.0,0.0,0.0,0.0,0.0
0.0,0.0,0.0,0.0,0.0,2.974,6.98,19.189,47.407,34.264,22.759,51.747,65.18,63.019,34.89,7.497,0.0,0.0,0.0,0.0,0.0,0.0,0.0,0.0
0.0,0.0,0.0,0.0,0.0,1.208,9.558,14.706,24.446,42.833,44.028,30.723,38.287,66.834,58.558,20.594,0.0,0.0,0.0,0.0,0.0,0.0,0.0,0.0
0.0,0.0,0.0,0.0,0.0,0.405,1.674,3.139,13.97,46.394,51.069,44.195,62.897,26.479,9.046,5.715,0.0,0.0,0.0,0.0,0.0,0.0,0.0,0.0
0.0,0.0,0.0,0.0,0.0,39.935,66.485,31.487,14.709,8.027,5.63,16.566,32.091,13.928,66.947,12.586,0.0,0.0,0.0,0.0,0.0,0.0,0.0,0.0
0.0,0.0,0.0,0.0,0.0,16.977,16.35,65.221,37.49,36.476,65.988,67.873,68.628,69.022,62.742,44.805,0.0,0.0,0.0,0.0,0.0,0.0,0.0,0.0
0.0,0.0,0.0,0.0,0.0,44.121,64.85,65.237,30.695,53.382,41.915,42.722,52.746,45.398,49.608,1.694,0.0,0.0,0.0,0.0,0.0,0.0,0.0,0.0
0.0,0.0,0.0,0.0,1.461,17.319,60.926,69.681,75.578,75.972,65.099,48.997,69.976,65.467,58.097,11.999,0.0,0.0,0.0,0.0,0.0,0.0,0.0,0.0
0.0,0.0,0.0,0.0,1.48,47.873,50.006,70.336,73.389,66.338,58.299,20.259,54.0,2.599,23.777,37.586,0.0,0.0,0.0,0.0,0.0,0.0,0.0,0.0
0.0,0.0,0.0,0.0,5.071,54.233,18.739,14.363,55.262,78.449,65.75,72.388,0.0,71.04,10.07,13.189,0.0,0.0,0.0,0.0,0.0,0.0,0.0,0.0
0.0,0.0,0.0,0.0,7.11,0.444,65.115,41.269,44.97,65.889,72.788,73.204,75.46,73.46,63.079,41.128,0.0,0.0,0.0,0.0,0.0,0.0,0.0,0.0
0.0,0.0,0.0,0.0,3.146,46.591,65.791,71.493,76.965,80.913,81.997,81.669,78.88,74.126,58.121,42.351,0.0,0.0,0.0,0.0,0.0,0.0,0.0,0.0
0.0,0.0,0.0,0.0,6.785,49.87,69.648,74.851,68.322,62.563,83.624,82.251,79.563,74.822,63.971,42.316,0.0,0.0,0.0,0.0,0.0,0.0,0.0,0.0
0.0,0.0,0.0,0.0,8.667,56.925,68.928,58.885,55.743,65.332,54.881,73.374,76.915,72.824,63.305,40.49,0.0,0.0,0.0,0.0,0.0,0.0,0.0,0.0
0.0,0.0,0.0,0.0,4.789,52.021,70.472,76.348,74.843,67.642,39.004,54.699,73.787,71.885,62.48,41.954,0.0,0.0,0.0,0.0,0.0,0.0,0.0,0.0
0.0,0.0,0.0,0.0,3.014,16.231,28.727,59.41,76.805,69.152,71.328,68.433,45.22,7.013,62.125,40.511,0.0,0.0,0.0,0.0,0.0,0.0,0.0,0.0
0.0,0.0,0.0,0.0,4.726,21.158,61.61,73.953,75.929,74.351,72.17,16.976,25.424,2.64,5.363,1.214,0.0,0.0,0.0,0.0,0.0,0.0,0.0,0.0
0.0,0.0,0.0,0.0,0.016,1.826,22.883,65.784,74.763,75.661,77.419,73.732,68.476,71.574,35.6,28.3,0.0,0.0,0.0,0.0,0.0,0.0,0.0,0.0
0.0,0.0,0.0,0.0,1.341,3.661,35.311,64.397,65.337,69.216,22.272,64.093,58.39,60.871,55.421,33.189,0.0,0.0,0.0,0.0,0.0,0.0,0.0,0.0
0.0,0.0,0.0,0.0,7.816,48.144,19.417,27.906,46.093,46.827,69.859,69.363,22.683,5.478,33.94,37.247,0.0,0.0,0.0,0.0,0.0,0.0,0.0,0.0
0.0,0.0,0.0,0.0,0.0,1.231,12.739,33.038,75.675,60.852,16.136,6.866,21.312,22.623,6.516,43.969,0.0,0.0,0.0,0.0,0.0,0.0,0.0,0.0
0.0,0.0,0.0,0.0,2.679,12.043,38.844,62.545,28.944,75.415,58.127,66.759,70.526,52.282,48.299,38.743,0.0,0.0,0.0,0.0,0.0,0.0,0.0,0.0
0.0,0.0,0.0,0.0,0.0,27.175,17.404,36.197,53.36,47.261,38.608,53.667,74.314,72.189,65.878,36.123,0.0,0.0,0.0,0.0,0.0,0.0,0.0,0.0
0.0,0.0,0.0,0.0,7.333,54.554,74.056,78.987,81.269,77.423,81.583,82.122,78.641,74.837,63.679,39.646,0.0,0.0,0.0,0.0,0.0,0.0,0.0,0.0
0.0,0.0,0.0,0.0,1.192,53.537,71.91,77.511,78.862,78.545,75.225,77.937,77.944,73.655,63.896,40.302,0.0,0.0,0.0,0.0,0.0,0.0,0.0,0.0
0.0,0.0,0.0,0.0,2.656,24.971,64.444,52.282,25.903,32.769,66.007,49.538,77.36,59.991,62.212,38.929,0.0,0.0,0.0,0.0,0.0,0.0,0.0,0.0
0.0,0.0,0.0,0.0,11.443,52.76,68.01,71.834,79.391,77.304,53.73,72.557,67.071,74.474,62.001,23.084,0.0,0.0,0.0,0.0,0.0,0.0,0.0,0.0
0.0,0.0,0.0,0.0,8.278,54.247,64.785,67.607,77.381,77.566,77.9,80.475,76.84,74.283,36.435,13.799,0.0,0.0,0.0,0.0,0.0,0.0,0.0,0.0
0.0,0.0,0.0,0.0,3.866,51.593,66.526,57.484,70.79,75.749,62.592,67.827,75.235,74.313,65.703,30.722,0.0,0.0,0.0,0.0,0.0,0.0,0.0,0.0
0.0,0.0,0.0,0.0,0.0,3.391,29.729,64.174,65.272,42.543,6.019,5.406,41.282,57.165,64.122,16.62,0.0,0.0,0.0,0.0,0.0,0.0,0.0,0.0
0.0,0.0,0.0,0.0,3.854,3.876,66.223,75.452,77.288,79.365,80.599,79.977,51.034,37.123,59.099,20.789,0.0,0.0,0.0,0.0,0.0,0.0,0.0,0.0
0.0,0.0,0.0,0.0,6.412,12.716,47.179,70.152,38.649,79.113,81.955,75.727,77.36,71.746,62.364,9.99,0.0,0.0,0.0,0.0,0.0,0.0,0.0,0.0
0.0,0.0,0.0,0.0,0.0,0.813,6.591,0.0,75.702,81.374,74.437,75.559,72.646,49.813,31.732,35.875,0.0,0.0,0.0,0.0,0.0,0.0,0.0,0.0
0.0,0.0,0.0,0.0,15.542,2.505,9.523,11.531,13.527,34.845,25.089,5.466,4.211,4.616,3.979,2.822,0.0,0.0,0.0,0.0,0.0,0.0,0.0,0.0
0.0,0.0,0.0,0.0,20.488,53.269,68.278,73.465,73.061,78.501,77.175,53.674,80.027,74.132,64.132,41.531,0.0,0.0,0.0,0.0,0.0,0.0,0.0,0.0
0.0,0.0,0.0,0.0,7.465,11.648,45.477,72.773,76.62,75.205,57.455,63.044,19.803,68.9,49.071,35.849,0.0,0.0,0.0,0.0,0.0,0.0,0.0,0.0
0.0,0.0,0.0,0.0,0.278,57.473,61.832,73.385,74.083,52.841,38.939,52.751,54.352,46.351,10.595,13.406,0.0,0.0,0.0,0.0,0.0,0.0,0.0,0.0
0.0,0.0,0.0,0.0,0.124,14.395,16.392,43.131,25.83,34.046,65.71,69.529,36.926,24.269,53.682,17.913,0.0,0.0,0.0,0.0,0.0,0.0,0.0,0.0
0.0,0.0,0.0,0.0,3.54,60.402,64.788,76.062,76.65,77.249,71.796,14.925,15.823,5.51,19.542,8.264,0.0,0.0,0.0,0.0,0.0,0.0,0.0,0.0
0.0,0.0,0.0,0.0,3.473,52.509,58.935,39.405,52.98,69.51,63.54,73.99,69.814,55.162,26.189,1.229,0.0,0.0,0.0,0.0,0.0,0.0,0.0,0.0
0.0,0.0,0.0,0.0,10.597,57.168,31.092,56.73,70.025,73.358,68.926,50.999,72.583,70.29,62.067,35.006,0.0,0.0,0.0,0.0,0.0,0.0,0.0,0.0
0.0,0.0,0.0,0.0,0.0,0.966,11.424,24.599,67.411,74.602,10.402,19.529,4.193,4.044,31.494,18.086,0.0,0.0,0.0,0.0,0.0,0.0,0.0,0.0
0.0,0.0,0.0,0.0,0.352,1.788,35.883,44.579,47.792,79.276,77.266,72.328,49.402,59.803,46.183,2.024,0.0,0.0,0.0,0.0,0.0,0.0,0.0,0.0
0.0,0.0,0.0,0.0,8.088,59.732,72.063,77.443,78.289,66.298,64.377,52.618,4.15,2.555,8.255,40.049,0.0,0.0,0.0,0.0,0.0,0.0,0.0,0.0
0.0,0.0,0.0,0.0,20.246,49.664,18.897,0.0,5.209,6.123,6.2,14.221,30.228,16.815,5.248,1.894,0.0,0.0,0.0,0.0,0.0,0.0,0.0,0.0
0.0,0.0,0.0,0.0,1.338,14.897,69.107,74.413,77.621,78.505,76.811,80.178,77.304,72.717,63.832,28.967,0.0,0.0,0.0,0.0,0.0,0.0,0.0,0.0
0.0,0.0,0.0,0.0,11.277,56.833,72.135,65.537,68.56,67.347,69.744,40.153,67.205,71.093,58.496,22.927,0.0,0.0,0.0,0.0,0.0,0.0,0.0,0.0
0.0,0.0,0.0,0.0,0.0,63.577,73.15,0.0,76.305,74.284,55.647,5.445,5.053,3.984,14.513,24.293,0.0,0.0,0.0,0.0,0.0,0.0,0.0,0.0
0.0,0.0,0.0,0.0,3.409,25.564,70.268,8.298,71.725,20.988,19.581,10.28,45.644,63.429,21.501,8.54,0.0,0.0,0.0,0.0,0.0,0.0,0.0,0.0
0.0,0.0,0.0,0.0,2.398,4.044,62.879,30.146,74.865,76.596,46.071,25.494,35.123,20.973,6.759,5.54,0.0,0.0,0.0,0.0,0.0,0.0,0.0,0.0
0.0,0.0,0.0,0.0,0.0,56.667,71.665,75.723,76.318,70.381,62.246,12.943,4.044,10.233,44.12,13.504,0.0,0.0,0.0,0.0,0.0,0.0,0.0,0.0
0.0,0.0,0.0,0.0,3.339,1.85,2.22,3.872,5.272,6.555,16.181,26.381,57.478,68.207,33.251,1.734,0.0,0.0,0.0,0.0,0.0,0.0,0.0,0.0
0.0,0.0,0.0,0.0,8.435,14.392,65.334,77.898,65.485,49.403,63.55,66.973,8.765,2.47,1.185,1.586,0.0,0.0,0.0,0.0,0.0,0.0,0.0,0.0
0.0,0.0,0.0,0.0,0.131,0.985,63.074,74.112,66.439,49.095,54.134,46.944,28.504,40.013,57.741,12.557,0.0,0.0,0.0,0.0,0.0,0.0,0.0,0.0
0.0,0.0,0.0,0.0,2.37,9.826,13.344,11.496,9.414,10.946,18.447,25.517,57.301,27.612,63.259,20.565,0.0,0.0,0.0,0.0,0.0,0.0,0.0,0.0
0.0,0.0,0.0,0.0,19.696,60.775,71.019,74.286,76.12,58.855,41.726,5.376,4.967,37.361,47.158,26.106,0.0,0.0,0.0,0.0,0.0,0.0,0.0,0.0
0.0,0.0,0.0,0.0,27.087,60.302,71.891,70.336,71.62,66.39,44.963,68.886,67.816,2.449,0.929,0.541,0.0,0.0,0.0,0.0,0.0,0.0,0.0,0.0
0.0,0.0,0.0,0.0,1.486,12.265,65.563,57.901,73.943,64.885,60.271,67.53,23.616,6.904,23.294,10.359,0.0,0.0,0.0,0.0,0.0,0.0,0.0,0.0
0.0,0.0,0.0,0.0,2.408,29.143,65.877,65.913,59.501,65.489,68.048,62.327,56.115,34.644,12.702,24.487,0.0,0.0,0.0,0.0,0.0,0.0,0.0,0.0
0.0,0.0,0.0,0.0,2.449,65.706,56.679,60.434,60.778,67.245,57.537,5.33,13.963,2.4,3.926,6.572,0.0,0.0,0.0,0.0,0.0,0.0,0.0,0.0
0.0,0.0,0.0,0.0,0.508,1.289,3.582,3.989,6.822,20.723,43.668,74.192,42.872,23.431,9.482,4.08,0.0,0.0,0.0,0.0,0.0,0.0,0.0,0.0
0.0,0.0,0.0,0.0,14.485,21.302,39.057,20.297,30.399,58.687,35.361,43.043,20.536,22.035,24.059,0.003,0.0,0.0,0.0,0.0,0.0,0.0,0.0,0.0
0.0,0.0,0.0,0.0,13.472,56.725,19.175,18.715,32.997,47.134,60.247,48.939,58.913,62.169,43.416,14.752,0.0,0.0,0.0,0.0,0.0,0.0,0.0,0.0
0.0,0.0,0.0,0.0,0.0,11.418,66.452,75.957,68.228,59.202,53.338,53.894,67.605,59.715,56.385,18.931,0.0,0.0,0.0,0.0,0.0,0.0,0.0,0.0
0.0,0.0,0.0,0.0,13.246,51.95,74.58,78.069,78.003,58.644,80.471,81.075,77.672,72.007,58.746,18.924,0.0,0.0,0.0,0.0,0.0,0.0,0.0,0.0
0.0,0.0,0.0,0.0,0.051,9.358,69.213,76.494,78.185,78.04,74.101,77.501,76.642,73.264,58.81,25.332,0.0,0.0,0.0,0.0,0.0,0.0,0.0,0.0
0.0,0.0,0.0,0.0,14.747,59.249,70.057,68.975,73.627,61.831,81.031,79.893,77.791,70.892,59.115,22.421,0.0,0.0,0.0,0.0,0.0,0.0,0.0,0.0
0.0,0.0,0.0,0.0,3.421,61.555,67.49,74.335,74.302,77.029,70.64,75.226,71.252,56.174,63.829,31.013,0.0,0.0,0.0,0.0,0.0,0.0,0.0,0.0
0.0,0.0,0.0,0.0,3.388,60.472,71.906,41.563,60.266,75.727,66.648,63.414,0.0,69.789,56.532,13.625,0.0,0.0,0.0,0.0,0.0,0.0,0.0,0.0
0.0,0.0,0.0,0.0,0.079,59.993,72.819,66.635,77.924,71.967,33.777,58.321,74.755,72.944,61.697,26.017,0.0,0.0,0.0,0.0,0.0,0.0,0.0,0.0
0.0,0.0,0.0,0.0,5.128,9.015,64.071,75.331,75.083,74.919,78.452,82.485,79.455,0.0,0.0,0.0,0.0,0.0,0.0,0.0,0.0,0.0,0.0,0.0
0.0,0.0,0.0,0.0,0.0,0.0,0.0,0.0,0.0,0.0,0.0,0.0,0.0,0.0,0.0,0.0,0.0,0.0,0.0,0.0,0.0,0.0,0.0,0.0
0.0,0.0,0.0,0.0,0.0,0.0,0.0,0.0,0.0,0.0,0.0,0.0,0.0,49.505,14.333,1.546,0.0,0.0,0.0,0.0,0.0,0.0,0.0,0.0
0.0,0.0,0.0,0.0,0.0,4.658,9.901,25.678,31.467,13.63,63.178,69.646,5.002,2.302,9.851,24.802,0.0,0.0,0.0,0.0,0.0,0.0,0.0,0.0
0.0,0.0,0.0,0.0,0.297,19.509,74.418,77.202,68.135,72.865,78.865,78.138,66.784,47.141,9.15,10.45,0.0,0.0,0.0,0.0,0.0,0.0,0.0,0.0
0.0,0.0,0.0,0.0,14.514,14.099,64.172,77.123,78.2,51.455,47.992,75.679,70.083,72.647,60.194,32.479,0.0,0.0,0.0,0.0,0.0,0.0,0.0,0.0
0.0,0.0,0.0,0.0,16.1,36.387,2.666,6.832,65.127,69.892,33.262,55.21,76.842,56.724,12.223,27.683,0.0,0.0,0.0,0.0,0.0,0.0,0.0,0.0
0.0,0.0,0.0,0.0,16.957,65.243,75.524,79.851,80.765,78.361,43.772,17.057,23.707,43.68,48.001,16.052,0.0,0.0,0.0,0.0,0.0,0.0,0.0,0.0
0.0,0.0,0.0,0.0,12.729,44.508,73.281,53.713,58.45,79.085,79.678,70.935,10.154,72.409,63.221,5.124,0.0,0.0,0.0,0.0,0.0,0.0,0.0,0.0
0.0,0.0,0.0,0.0,5.945,28.628,73.403,77.682,80.641,81.51,79.723,42.846,61.569,2.227,1.0,0.382,0.0,0.0,0.0,0.0,0.0,0.0,0.0,0.0
0.0,0.0,0.0,0.0,4.206,63.402,74.951,76.094,80.911,80.241,76.165,68.188,58.544,2.22,1.492,2.38,0.0,0.0,0.0,0.0,0.0,0.0,0.0,0.0
0.0,0.0,0.0,0.0,0.63,8.339,33.338,46.826,69.008,74.736,73.597,59.03,3.882,52.63,31.589,14.435,0.0,0.0,0.0,0.0,0.0,0.0,0.0,0.0
0.0,0.0,0.0,0.0,1.728,41.147,31.504,77.056,78.485,75.923,58.617,6.573,3.769,3.831,2.49,0.64,0.0,0.0,0.0,0.0,0.0,0.0,0.0,0.0
0.0,0.0,0.0,0.0,0.136,48.844,71.157,76.551,76.003,76.979,76.268,64.149,35.574,48.027,32.872,7.987,0.0,0.0,0.0,0.0,0.0,0.0,0.0,0.0
0.0,0.0,0.0,0.0,7.603,61.533,71.452,69.121,75.232,72.598,43.29,41.107,77.689,60.629,64.188,8.004,0.0,0.0,0.0,0.0,0.0,0.0,0.0,0.0
0.0,0.0,0.0,0.0,13.43,35.124,73.256,66.039,34.776,71.137,62.308,9.573,73.956,65.24,20.82,11.735,0.0,0.0,0.0,0.0,0.0,0.0,0.0,0.0
0.0,0.0,0.0,0.0,16.937,63.959,74.91,78.462,78.392,75.185,79.438,74.829,66.006,51.007,63.776,13.683,0.0,0.0,0.0,0.0,0.0,0.0,0.0,0.0
0.0,0.0,0.0,0.0,13.538,27.03,21.345,74.977,70.393,44.757,11.407,8.063,5.385,5.32,3.488,9.035,0.0,0.0,0.0,0.0,0.0,0.0,0.0,0.0
0.0,0.0,0.0,0.0,0.079,24.318,4.233,10.463,5.193,50.636,21.183,8.216,55.419,62.283,35.912,5.141,0.0,0.0,0.0,0.0,0.0,0.0,0.0,0.0
0.0,0.0,0.0,0.0,0.165,2.46,3.929,22.191,11.4,49.432,76.111,70.174,3.797,2.239,6.793,6.126,0.0,0.0,0.0,0.0,0.0,0.0,0.0,0.0
0.0,0.0,0.0,0.0,2.578,33.952,30.886,49.711,60.792,81.834,74.601,80.086,75.081,56.353,60.235,27.87,0.0,0.0,0.0,0.0,0.0,0.0,0.0,0.0
0.0,0.0,0.0,0.0,0.053,3.333,16.104,49.566,16.13,47.916,54.224,38.719,14.509,29.901,49.272,4.291,0.0,0.0,0.0,0.0,0.0,0.0,0.0,0.0
0.0,0.0,0.0,0.0,0.23,4.275,51.272,32.989,16.427,15.569,43.666,25.126,9.271,33.848,25.271,6.197,0.0,0.0,0.0,0.0,0.0,0.0,0.0,0.0
0.0,0.0,0.0,0.0,0.711,43.555,69.841,64.437,71.642,48.979,77.304,78.718,70.784,2.241,0.772,28.548,0.0,0.0,0.0,0.0,0.0,0.0,0.0,0.0
0.0,0.0,0.0,0.0,0.477,12.97,28.577,43.713,30.021,35.479,24.225,36.368,69.226,66.51,63.606,21.837,0.0,0.0,0.0,0.0,0.0,0.0,0.0,0.0
0.0,0.0,0.0,0.0,0.198,18.963,33.269,0.0,79.195,78.106,63.321,70.19,61.089,11.484,2.323,4.249,0.0,0.0,0.0,0.0,0.0,0.0,0.0,0.0
0.0,0.0,0.0,0.0,30.685,60.781,70.437,32.929,56.549,76.501,46.256,77.671,72.236,66.562,2.827,6.127,0.0,0.0,0.0,0.0,0.0,0.0,0.0,0.0
0.0,0.0,0.0,0.0,0.367,9.774,70.111,75.853,75.894,74.166,69.865,43.314,3.749,5.446,9.705,10.849,0.0,0.0,0.0,0.0,0.0,0.0,0.0,0.0
0.0,0.0,0.0,0.0,0.436,59.531,71.885,79.146,78.843,80.528,82.287,42.594,34.068,68.778,57.917,5.232,0.0,0.0,0.0,0.0,0.0,0.0,0.0,0.0
0.0,0.0,0.0,0.0,17.446,61.097,71.788,77.519,76.455,64.811,41.404,7.616,6.524,70.837,56.099,22.444,0.0,0.0,0.0,0.0,0.0,0.0,0.0,0.0
0.0,0.0,0.0,0.0,32.591,1.438,2.274,4.303,7.549,13.459,54.627,24.592,75.525,75.947,62.623,33.89,0.0,0.0,0.0,0.0,0.0,0.0,0.0,0.0
0.0,0.0,0.0,0.0,29.903,11.282,29.769,8.533,35.361,73.774,73.961,47.586,58.583,32.202,32.812,16.154,0.0,0.0,0.0,0.0,0.0,0.0,0.0,0.0
0.0,0.0,0.0,0.0,1.632,35.154,55.431,77.781,79.16,79.768,74.565,77.008,78.679,54.475,59.971,23.872,0.0,0.0,0.0,0.0,0.0,0.0,0.0,0.0
0.0,0.0,0.0,0.0,0.025,3.399,7.813,8.551,20.119,30.069,53.118,24.352,40.157,23.527,2.014,0.0,0.0,0.0,0.0,0.0,0.0,0.0,0.0,0.0
0.0,0.0,0.0,0.0,0.133,12.277,23.039,48.902,67.058,65.035,70.559,9.571,3.71,3.403,4.539,1.43,0.0,0.0,0.0,0.0,0.0,0.0,0.0,0.0
0.0,0.0,0.0,0.0,0.397,23.5,26.97,76.751,81.69,63.902,66.993,57.132,6.947,19.882,64.809,27.84,0.0,0.0,0.0,0.0,0.0,0.0,0.0,0.0
0.0,0.0,0.0,0.0,29.87,63.99,73.496,78.92,79.514,77.533,80.954,82.403,79.66,74.671,18.744,0.0,0.0,0.0,0.0,0.0,0.0,0.0,0.0,0.0
0.0,0.0,0.0,0.0,19.237,62.487,74.419,78.822,72.846,76.865,76.253,78.012,76.97,62.882,47.415,8.68,0.0,0.0,0.0,0.0,0.0,0.0,0.0,0.0
0.0,0.0,0.0,0.0,11.879,54.795,54.919,77.281,79.328,79.064,64.626,75.555,78.605,72.173,57.82,14.873,0.0,0.0,0.0,0.0,0.0,0.0,0.0,0.0
0.0,0.0,0.0,0.0,1.539,0.925,29.315,65.602,73.333,57.9,61.823,57.866,51.28,2.944,2.24,0.0,0.0,0.0,0.0,0.0,0.0,0.0,0.0,0.0
0.0,0.0,0.0,0.0,0.075,11.814,38.191,73.337,69.675,79.925,75.97,73.922,65.377,31.727,30.724,29.852,0.0,0.0,0.0,0.0,0.0,0.0,0.0,0.0
0.0,0.0,0.0,0.0,31.026,27.408,5.09,7.292,17.816,50.534,74.544,76.381,75.102,73.232,32.01,22.651,0.0,0.0,0.0,0.0,0.0,0.0,0.0,0.0
0.0,0.0,0.0,0.0,16.295,46.418,70.84,71.192,69.761,71.849,66.43,55.62,55.111,6.317,53.662,12.909,0.0,0.0,0.0,0.0,0.0,0.0,0.0,0.0
0.0,0.0,0.0,0.0,0.287,19.959,19.874,73.671,7.779,14.469,5.609,4.907,6.592,16.205,16.452,10.255,0.0,0.0,0.0,0.0,0.0,0.0,0.0,0.0
0.0,0.0,0.0,0.0,3.39,55.939,67.34,74.192,73.789,69.05,69.163,72.559,68.014,52.105,19.307,15.126,0.0,0.0,0.0,0.0,0.0,0.0,0.0,0.0
0.0,0.0,0.0,0.0,0.354,3.509,16.715,52.015,73.469,82.872,78.915,81.031,77.188,75.155,60.401,26.016,0.0,0.0,0.0,0.0,0.0,0.0,0.0,0.0
0.0,0.0,0.0,0.0,11.878,16.143,60.961,71.966,53.424,63.492,70.892,56.829,32.605,16.262,27.003,8.337,0.0,0.0,0.0,0.0,0.0,0.0,0.0,0.0
0.0,0.0,0.0,0.0,0.458,20.087,15.711,48.048,66.683,54.525,42.991,61.293,68.042,60.219,49.9,4.927,0.0,0.0,0.0,0.0,0.0,0.0,0.0,0.0
0.0,0.0,0.0,0.0,3.449,57.603,71.523,68.922,60.755,63.468,67.612,38.761,7.585,7.191,15.581,15.618,0.0,0.0,0.0,0.0,0.0,0.0,0.0,0.0
0.0,0.0,0.0,0.0,0.128,0.864,2.576,20.596,69.147,72.761,69.53,81.152,77.095,69.952,62.32,32.236,0.0,0.0,0.0,0.0,0.0,0.0,0.0,0.0
0.0,0.0,0.0,0.0,3.615,62.857,73.582,64.437,54.719,71.825,72.5,78.69,78.596,64.991,61.353,33.961,0.0,0.0,0.0,0.0,0.0,0.0,0.0,0.0
0.0,0.0,0.0,0.0,18.224,57.771,69.768,75.733,49.083,75.516,77.315,74.994,61.2,5.673,61.446,38.07,0.0,0.0,0.0,0.0,0.0,0.0,0.0,0.0
0.0,0.0,0.0,0.0,9.422,54.048,72.165,78.612,79.614,79.74,79.938,79.16,76.658,66.218,55.566,25.444,0.0,0.0,0.0,0.0,0.0,0.0,0.0,0.0
0.0,0.0,0.0,0.0,5.99,32.662,55.605,75.422,80.053,81.218,80.924,82.542,80.3,44.668,38.936,32.965,0.0,0.0,0.0,0.0,0.0,0.0,0.0,0.0
0.0,0.0,0.0,0.0,17.721,55.971,72.543,79.771,54.774,27.221,12.05,44.287,78.884,77.771,38.718,37.381,0.0,0.0,0.0,0.0,0.0,0.0,0.0,0.0
0.0,0.0,0.0,0.0,1.371,13.876,73.35,77.63,69.287,48.493,28.989,74.666,44.853,47.386,47.41,29.0,0.0,0.0,0.0,0.0,0.0,0.0,0.0,0.0
0.0,0.0,0.0,0.0,25.377,63.819,33.3,69.151,60.495,65.385,40.679,39.687,68.054,26.637,43.836,19.296,0.0,0.0,0.0,0.0,0.0,0.0,0.0,0.0
0.0,0.0,0.0,0.0,8.415,5.052,26.287,37.456,54.706,36.53,54.304,20.119,41.203,40.09,56.33,7.313,0.0,0.0,0.0,0.0,0.0,0.0,0.0,0.0
0.0,0.0,0.0,0.0,18.545,61.486,4.165,74.992,70.565,78.083,75.275,64.829,78.697,18.381,4.262,0.831,0.0,0.0,0.0,0.0,0.0,0.0,0.0,0.0
0.0,0.0,0.0,0.0,2.368,48.947,68.087,77.231,69.361,70.132,28.94,26.798,73.842,4.919,6.988,24.762,0.0,0.0,0.0,0.0,0.0,0.0,0.0,0.0
0.0,0.0,0.0,0.0,7.776,31.176,44.679,74.441,62.195,70.933,77.197,74.979,78.045,70.644,63.897,33.937,0.0,0.0,0.0,0.0,0.0,0.0,0.0,0.0
0.0,0.0,0.0,0.0,1.382,35.252,72.332,77.663,79.711,73.121,72.18,76.806,75.351,59.959,37.989,42.196,0.0,0.0,0.0,0.0,0.0,0.0,0.0,0.0
0.0,0.0,0.0,0.0,7.838,50.647,67.613,76.505,71.692,70.934,72.062,60.484,7.595,8.289,0.97,42.841,0.0,0.0,0.0,0.0,0.0,0.0,0.0,0.0
0.0,0.0,0.0,0.0,16.245,15.958,56.571,74.484,77.268,77.307,71.951,68.515,73.636,41.014,57.506,35.058,0.0,0.0,0.0,0.0,0.0,0.0,0.0,0.0
0.0,0.0,0.0,0.0,8.049,49.067,68.275,73.897,68.912,77.229,72.269,32.053,15.209,5.996,5.181,19.972,0.0,0.0,0.0,0.0,0.0,0.0,0.0,0.0
0.0,0.0,0.0,0.0,6.845,53.938,70.836,74.876,79.395,81.462,80.235,81.425,80.3,73.181,64.494,38.776,0.0,0.0,0.0,0.0,0.0,0.0,0.0,0.0
0.0,0.0,0.0,0.0,5.536,52.816,71.207,77.31,80.142,82.514,81.62,79.777,54.527,72.787,64.835,38.504,0.0,0.0,0.0,0.0,0.0,0.0,0.0,0.0
0.0,0.0,0.0,0.0,0.149,54.807,71.994,77.724,80.285,82.088,75.199,75.44,80.179,73.279,64.855,37.137,0.0,0.0,0.0,0.0,0.0,0.0,0.0,0.0
0.0,0.0,0.0,0.0,0.0,14.098,9.764,8.3,69.802,83.64,82.591,82.434,80.947,74.004,65.839,39.652,0.0,0.0,0.0,0.0,0.0,0.0,0.0,0.0
0.0,0.0,0.0,0.0,8.942,60.471,73.634,80.615,83.466,83.678,81.697,80.112,78.744,72.816,66.083,40.169,0.0,0.0,0.0,0.0,0.0,0.0,0.0,0.0
0.0,0.0,0.0,0.0,5.88,57.698,72.318,78.693,80.352,81.308,80.334,78.763,78.273,72.634,65.684,36.818,0.0,0.0,0.0,0.0,0.0,0.0,0.0,0.0
0.0,0.0,0.0,0.0,0.115,51.712,56.943,76.753,81.074,82.942,81.957,81.189,54.77,72.974,63.569,41.155,0.0,0.0,0.0,0.0,0.0,0.0,0.0,0.0
0.0,0.0,0.0,0.0,0.0,2.884,53.877,71.202,77.382,77.491,76.082,67.585,74.715,61.328,56.132,37.431,0.0,0.0,0.0,0.0,0.0,0.0,0.0,0.0
0.0,0.0,0.0,0.0,0.092,48.759,61.207,74.947,76.221,77.15,76.909,66.004,76.414,42.674,13.751,38.231,0.0,0.0,0.0,0.0,0.0,0.0,0.0,0.0
0.0,0.0,0.0,0.0,0.112,45.334,65.697,74.532,74.813,77.034,77.875,78.007,75.098,72.139,62.895,43.454,0.0,0.0,0.0,0.0,0.0,0.0,0.0,0.0
0.0,0.0,0.0,0.0,0.09,2.992,7.272,14.934,29.766,68.938,51.809,27.712,76.209,72.691,64.323,38.938,0.0,0.0,0.0,0.0,0.0,0.0,0.0,0.0
0.0,0.0,0.0,0.0,0.0,2.777,6.389,54.693,79.691,78.962,38.591,77.718,78.074,46.322,59.913,40.935,0.0,0.0,0.0,0.0,0.0,0.0,0.0,0.0
